-- Insert category data
INSERT INTO
    category (id, name)
VALUES
    (1, 'Desserts'),
    (2, 'Main Courses'),
    (3, 'Appetizers'),
    (4, 'Soups'),
    (5, 'Salads'),
    (6, 'Beverages'),
    (7, 'Snacks'),
    (8, 'Side Dishes'),
    (9, 'Breakfast'),
    (10, 'Pasta'),
    (11, 'Grill'),
    (12, 'Seafood'),
    (13, 'Vegetarian'),
    (14, 'Vegan'),
    (15, 'Healthy'),
    (16, 'Low-Carb'),
    (17, 'Comfort Food'),
    (18, 'Holiday Specials');

-- Insert recipe data with difficulty and time
INSERT INTO
    recipe (id, title, difficulty, time)
VALUES
    (1, 'Chocolate Cake', 'MEDIUM', 'LONG'),
    (2, 'Spaghetti Bolognese', 'EASY', 'MEDIUM'),
    (3, 'Caesar Salad', 'EASY', 'SHORT'),
    (4, 'Minestrone Soup', 'MEDIUM', 'MEDIUM'),
    (5, 'Iced Tea', 'EASY', 'SHORT'),
    (6, 'French Fries', 'EASY', 'SHORT'),
    (7, 'Grilled Chicken', 'MEDIUM', 'MEDIUM'),
    (8, 'Tomato Soup', 'EASY', 'SHORT'),
    (9, 'Banana Pancakes', 'MEDIUM', 'SHORT'),
    (10, 'Stir-Fry', 'MEDIUM', 'MEDIUM'),
    (11, 'BBQ Ribs', 'HARD', 'LONG'),
    (12, 'Shrimp Scampi', 'MEDIUM', 'LONG'),
    (13, 'Vegan Brownies', 'EASY', 'MEDIUM'),
    (14, 'Spinach Smoothie', 'EASY', 'SHORT'),
    (15, 'Lemonade', 'EASY', 'SHORT'),
    (16, 'Lasagna', 'HARD', 'LONG'),
    (17, 'Tacos', 'EASY', 'MEDIUM'),
    (18, 'Garlic Bread', 'EASY', 'SHORT'),
    (19, 'Pumpkin Pie', 'MEDIUM', 'MEDIUM'),
    (20, 'Mango Smoothie', 'EASY', 'SHORT'),
    (21, 'Cheeseburger', 'EASY', 'MEDIUM'),
    (22, 'Lobster Bisque', 'HARD', 'LONG'),
    (23, 'Avocado Toast', 'EASY', 'SHORT'),
    (24, 'Stuffed Peppers', 'MEDIUM', 'MEDIUM'),
    (25, 'Chicken Alfredo', 'MEDIUM', 'LONG'),
    (26, 'Vegetarian Chili', 'MEDIUM', 'MEDIUM'),
    (27, 'Berry Parfait', 'EASY', 'SHORT'),
    (28, 'Apple Crumble', 'MEDIUM', 'MEDIUM'),
    (29, 'Roast Turkey', 'HARD', 'LONG'),
    (30, 'Seafood Paella', 'HARD', 'LONG'),
    (31, 'Chocolate Chip Cookies', 'EASY', 'SHORT'),
    (32, 'Vegetable Stir-Fry', 'EASY', 'MEDIUM'),
    (33, 'Chicken Salad', 'MEDIUM', 'MEDIUM'),
    (34, 'Beef Tacos', 'MEDIUM', 'SHORT'),
    (35, 'Eggplant Parmesan', 'HARD', 'LONG'),
    (36, 'Green Smoothie', 'EASY', 'SHORT'),
    (37, 'Grilled Salmon', 'MEDIUM', 'MEDIUM'),
    (38, 'Homemade Pizza', 'HARD', 'LONG'),
    (39, 'Fruit Salad', 'EASY', 'SHORT'),
    (40, 'Pork Schnitzel', 'HARD', 'LONG'),
    (41, 'Quiche Lorraine', 'HARD', 'LONG'),
    (42, 'Chili Con Carne', 'MEDIUM', 'MEDIUM'),
    (43, 'Pulled Pork Sandwiches', 'HARD', 'LONG'),
    (44, 'Crispy Tofu Stir-Fry', 'EASY', 'MEDIUM'),
    (45, 'Mushroom Risotto', 'HARD', 'LONG'),
    (46, 'Frittata', 'MEDIUM', 'MEDIUM'),
    (47, 'Omelette', 'EASY', 'SHORT'),
    (48, 'Grilled Cheese Sandwich', 'EASY', 'SHORT'),
    (49, 'Roasted Vegetables', 'EASY', 'MEDIUM');

-- Insert recipe_category data
INSERT INTO
    recipe_category (recipe_id, category_id)
VALUES
    (1, 1),
    (2, 2),
    (3, 5),
    (4, 4),
    (5, 6),
    (6, 7),
    (7, 2),
    (8, 4),
    (9, 9),
    (10, 13),
    (11, 11),
    (12, 12),
    (13, 14),
    (14, 6),
    (15, 6),
    (16, 10),
    (17, 2),
    (18, 8),
    (19, 1),
    (20, 6),
    (21, 2),
    (22, 12),
    (23, 9),
    (24, 13),
    (25, 10),
    (26, 13),
    (27, 1),
    (28, 1),
    (29, 2),
    (30, 12),
    (3, 3),
    (18, 3),
    (8, 13),
    (14, 5),
    (10, 14),
    (31, 1),
    (32, 7),
    (33, 5),
    (34, 7),
    (35, 13),
    (36, 6),
    (37, 12),
    (38, 2),
    (39, 5),
    (40, 11),
    (41, 18),
    (42, 13),
    (43, 2),
    (44, 14),
    (45, 10),
    (46, 5),
    (47, 9),
    (48, 8),
    (49, 7);
